{
  "allowSleep": true,
  "autoClearForces": true,
  "body": [
    {
      "angle": 0,
      "angularVelocity": 0,
      "awake": true,
      "customProperties": [
        {
          "int": 0,
          "name": "loadingIndex"
        },
        {
          "name": "category",
          "string": "wheel_rear"
        }
      ],
      "fixture": [
        {
          "density": 0.40000000596046448,
          "friction": 0.20000000298023221,
          "name": "carFixture",
          "polygon": {
            "vertices": {
              "x": [
                0.023599399253726009,
                0.023599399253726009,
                -0.023678900673985481,
                -0.023678900673985481
              ],
              "y": [
                -0.059008300304412842,
                0.059187300503253937,
                0.059187300503253937,
                -0.059008300304412842
              ]
            }
          }
        }
      ],
      "linearVelocity": {
        "x": 0,
        "y": 0
      },
      "massData-I": 3.0186015465005771E-06,
      "massData-center": {
        "x": -3.9750560972606763E-05,
        "y": 8.950019400799647E-05
      },
      "massData-mass": 0.002235234715044498,
      "name": "wheel_rear_left",
      "position": {
        "x": -0.135121300816536,
        "y": -0.1489881575107575
      },
      "type": 2
    },
    {
      "angle": 0,
      "angularVelocity": 0,
      "awake": true,
      "customProperties": [
        {
          "int": 0,
          "name": "loadingIndex"
        },
        {
          "name": "category",
          "string": "wheel_rear"
        }
      ],
      "fixture": [
        {
          "density": 0.40000000596046448,
          "friction": 0.20000000298023221,
          "name": "carFixture",
          "polygon": {
            "vertices": {
              "x": [
                0.023685900494456291,
                0.023685900494456291,
                -0.02359230071306229,
                -0.02359230071306229
              ],
              "y": [
                -0.059142701327800751,
                0.059052899479866028,
                0.059052899479866028,
                -0.059142701327800751
              ]
            }
          }
        }
      ],
      "linearVelocity": {
        "x": 0,
        "y": 0
      },
      "massData-I": 3.0185815376171381E-06,
      "massData-center": {
        "x": 4.6799894334981218E-05,
        "y": -4.4901091314386583E-05
      },
      "massData-mass": 0.002235230291262269,
      "name": "wheel_rear_right",
      "position": {
        "x": 0.13318243622779849,
        "y": -0.145478293299675
      },
      "type": 2
    },
    {
      "angle": 0,
      "angularVelocity": 0,
      "awake": true,
      "customProperties": [
        {
          "int": 0,
          "name": "loadingIndex"
        },
        {
          "name": "category",
          "string": "wheel_front"
        }
      ],
      "fixture": [
        {
          "density": 0.40000000596046448,
          "friction": 0.20000000298023221,
          "name": "carFixture",
          "polygon": {
            "vertices": {
              "x": [
                0.023639200255274769,
                0.023639200255274769,
                -0.023639099672436711,
                -0.023639099672436711
              ],
              "y": [
                -0.059133399277925491,
                0.059062201529741287,
                0.059062201529741287,
                -0.059133399277925491
              ]
            }
          }
        }
      ],
      "linearVelocity": {
        "x": 0,
        "y": 0
      },
      "massData-I": 3.01858290185919E-06,
      "massData-center": {
        "x": 5.0441318677485469E-08,
        "y": -3.5598775866674259E-05
      },
      "massData-mass": 0.002235234715044498,
      "name": "wheel_front_right",
      "position": {
        "x": 0.13452377915382391,
        "y": 0.16452667117118841
      },
      "type": 2
    },
    {
      "angle": 0,
      "angularVelocity": 0,
      "awake": true,
      "customProperties": [
        {
          "int": 0,
          "name": "loadingIndex"
        },
        {
          "name": "category",
          "string": "car_body"
        }
      ],
      "fixture": [
        {
          "density": 0.40000000596046448,
          "friction": 0.20000000298023221,
          "name": "carFixture",
          "polygon": {
            "vertices": {
              "x": [
                0.1315088868141174,
                0.095850199460983276,
                -0.094665497541427612,
                -0.13501009345054629,
                -0.080442510545253754,
                0.074502691626548767
              ],
              "y": [
                -0.2041404843330383,
                0.0009528250084258616,
                0.001858960022218525,
                -0.20528149604797361,
                -0.24733948707580569,
                -0.2464614808559418
              ]
            }
          }
        },
        {
          "density": 0.40000000596046448,
          "friction": 0.20000000298023221,
          "name": "carFixture",
          "polygon": {
            "vertices": {
              "x": [
                0.13014000654220581,
                0.073755815625190735,
                -0.084688484668731689,
                -0.14053699374198911,
                -0.094665497541427612,
                0.095850199460983276
              ],
              "y": [
                0.2222889959812164,
                0.256700336933136,
                0.25861534476280212,
                0.22219100594520569,
                0.001858960022218525,
                0.0009528250084258616
              ]
            }
          }
        }
      ],
      "linearVelocity": {
        "x": 0,
        "y": 0
      },
      "massData-I": 0.0012059269938617949,
      "massData-center": {
        "x": -0.002019969979301095,
        "y": 0.0068468125537037849
      },
      "massData-mass": 0.045804273337125778,
      "name": "car_body",
      "position": {
        "x": 0,
        "y": 0
      },
      "type": 2
    },
    {
      "angle": 0,
      "angularVelocity": 0,
      "awake": true,
      "customProperties": [
        {
          "int": 0,
          "name": "loadingIndex"
        },
        {
          "name": "category",
          "string": "wheel_front"
        }
      ],
      "fixture": [
        {
          "density": 0.40000000596046448,
          "friction": 0.20000000298023221,
          "name": "carFixture",
          "polygon": {
            "vertices": {
              "x": [
                0.023651799187064171,
                0.023651799187064171,
                -0.023626500740647319,
                -0.023626500740647319
              ],
              "y": [
                -0.05906359851360321,
                0.05913199856877327,
                0.05913199856877327,
                -0.05906359851360321
              ]
            }
          }
        }
      ],
      "linearVelocity": {
        "x": 0,
        "y": 0
      },
      "massData-I": 3.0185826744855149E-06,
      "massData-center": {
        "x": 1.264917136722943E-05,
        "y": 3.420009306864813E-05
      },
      "massData-mass": 0.002235234715044498,
      "name": "wheel_front_left",
      "position": {
        "x": -0.13432842493057251,
        "y": 0.1671585738658905
      },
      "type": 2
    }
  ],