{
  "allowSleep": true,
  "autoClearForces": true,
  "body": [
    {
      "angle": 0,
      "angularVelocity": 0,
      "awake": true,
      "linearVelocity": 0,
      "massData-mass": 1,
      "name": "start1",
      "position": {
        "x": 0.43608701229095459,
        "y": 3.20988392829895
      },
      "type": 2
    },
    {
      "angle": 0,
      "angularVelocity": 0,
      "awake": true,
      "fixture": [
        {
          "chain": {
            "vertices": {
              "x": [
                -0.74747467041015625,
                -2.561518669128418,
                -3.3931581974029541,
                -3.4022073745727539,
                -2.735021591186523,
                0.0404658317565918,
                3.1239626407623291,
                3.1448862552642818
              ],
              "y": [
                -1.7091224193573,
                -1.7295137643814089,
                -0.85004758834838867,
                1.4276692867279051,
                2.1049330234527588,
                2.0886306762695308,
                -1.1445707082748411,
                -2.296875
              ]
            }
          },
          "density": 1,
          "friction": 0.2,
          "name": "wallFixture"
        }
      ],
      "linearVelocity": 0,
      "name": "middleWall1",
      "position": 0,
      "type": 0
    },
    {
      "angle": 0,
      "angularVelocity": 0,
      "awake": true,
      "fixture": [
        {
          "density": 1,
          "friction": 0.2,
          "name": "wallFixture",
          "polygon": {
            "vertices": {
              "x": [
                -4.4982848167419434,
                -5.0843234062194824,
                -6.05828857421875,
                -4.9792566299438477
              ],
              "y": [
                3.6703047752380371,
                4.2232813835144043,
                3.4272892475128169,
                3.1189422607421879
              ]
            }
          }
        },
        {
          "density": 1,
          "friction": 0.2,
          "name": "wallFixture",
          "polygon": {
            "vertices": {
              "x": [
                5.63482666015625,
                4.3790988922119141,
                2.0605969429016109,
                -5.5200324058532724
              ],
              "y": [
                -5.0843234062194824,
                -3.611528873443604,
                -3.6282274723052979,
                -5.025688648223877
              ]
            }
          }
        },
        {
          "density": 1,
          "friction": 0.2,
          "name": "wallFixture",
          "polygon": {
            "vertices": {
              "x": [
                5.2254781723022461,
                4.3292808532714844,
                4.8113932609558114
              ],
              "y": [
                4.09624195098877,
                3.6687207221984859,
                3.152283906936646
              ]
            }
          }
        },
        {
          "density": 1,
          "friction": 0.2,
          "name": "wallFixture",
          "polygon": {
            "vertices": {
              "x": [
                1.502854108810425,
                0.665313184261322,
                0.69040429592132568,
                1.4825313091278081
              ],
              "y": [
                -1.581160187721252,
                -1.04722011089325,
                -2.5901565551757808,
                -3.1312050819396968
              ]
            }
          }
        },
        {
          "density": 1,
          "friction": 0.2,
          "name": "wallFixture",
          "polygon": {
            "vertices": {
              "x": [
                5.2254781723022461,
                -5.0843234062194824,
                -4.4982848167419434,
                4.3292808532714844
              ],
              "y": [
                4.09624195098877,
                4.2232813835144043,
                3.6703047752380371,
                3.6687207221984859
              ]
            }
          }
        },
        {
          "density": 1,
          "friction": 0.2,
          "name": "wallFixture",
          "polygon": {
            "vertices": {
              "x": [
                -4.4404778480529794,
                -4.9894843101501474,
                -5.5200324058532724
              ],
              "y": [
                -3.6438276767730708,
                -3.13051438331604,
                -5.025688648223877
              ]
            }
          }
        },
        {
          "density": 1,
          "friction": 0.2,
          "name": "wallFixture",
          "polygon": {
            "vertices": {
              "x": [
                -4.9831376075744629,
                -6.0305795669555664,
                -5.5200324058532724,
                -4.9894843101501474
              ],
              "y": [
                3.1186554431915279,
                3.4154891967773442,
                -5.025688648223877,
                -3.13051438331604
              ]
            }
          }
        },
        {
          "density": 1,
          "friction": 0.2,
          "name": "wallFixture",
          "polygon": {
            "vertices": {
              "x": [
                0.48904797434806818,
                -0.434122771024704,
                -4.4404778480529794,
                -5.5200324058532724
              ],
              "y": [
                -3.9179368019104,
                -3.6398637294769292,
                -3.6438276767730708,
                -5.025688648223877
              ]
            }
          }
        },
        {
          "density": 1,
          "friction": 0.2,
          "name": "wallFixture",
          "polygon": {
            "vertices": {
              "x": [
                2.0605969429016109,
                1.4825313091278081,
                0.69040429592132568,
                -0.434122771024704,
                0.48904797434806818
              ],
              "y": [
                -3.6282274723052979,
                -3.1312050819396968,
                -2.5901565551757808,
                -3.6398637294769292,
                -3.9179368019104
              ]
            }
          }
        },
        {
          "density": 1,
          "friction": 0.2,
          "name": "wallFixture",
          "polygon": {
            "vertices": {
              "x": [
                1.502854108810425,
                -0.547365665435791,
                -0.16553609073162079,
                0.665313184261322
              ],
              "y": [
                -1.581160187721252,
                0.52896338701248169,
                -0.1682718098163605,
                -1.04722011089325
              ]
            }
          }
        },
        {
          "density": 1,
          "friction": 0.2,
          "name": "wallFixture",
          "polygon": {
            "vertices": {
              "x": [
                5.63482666015625,
                4.839540958404541,
                4.3790988922119141
              ],
              "y": [
                -5.0843234062194824,
                -3.1852796077728271,
                -3.611528873443604
              ]
            }
          }
        },
        {
          "density": 1,
          "friction": 0.2,
          "name": "wallFixture",
          "polygon": {
            "vertices": {
              "x": [
                5.63482666015625,
                5.2254781723022461,
                4.8113932609558114,
                4.839540958404541
              ],
              "y": [
                -5.0843234062194824,
                4.09624195098877,
                3.152283906936646,
                -3.1852796077728271
              ]
            }
          }
        },
        {
          "density": 1,
          "friction": 0.2,
          "name": "wallFixture",